Edad,Sexo,Estado_civil,Education,Empleado,numero_creditos,Monto_credito,Tasa_de_interes,dias_mora,castigo,Tipo de credito
60,masculino,casado,master,empleado,2,4675000,2.65,72,1,consumo
25,masculino,casado,secundaria,desempleado,9,3619000,5.19,90,1,vehicular
30,femenino,soltero,master,empleado,6,957000,2.76,18,0,vehicular
58,femenino,casado,PhD,desempleado,2,4731000,6.57,90,1,vehicular
32,masculino,casado,universitaria,independiente,2,3289000,6.28,54,0,consumo
42,masculino,divorciado,master,desempleado,2,1536000,11.15,36,0,consumo
44,femenino,divorciado,universitaria,desempleado,1,2021000,16.61,54,0,vehicular
24,masculino,divorciado,master,empleado,8,1298000,6.03,36,0,hipotecario
54,femenino,divorciado,PhD,desempleado,3,4374000,10.38,18,0,consumo
60,masculino,divorciado,PhD,desempleado,10,4026000,11.05,90,1,consumo
27,femenino,divorciado,master,empleado,8,127000,19.12,54,0,hipotecario
52,masculino,divorciado,master,desempleado,3,3237000,15.49,90,1,hipotecario
58,femenino,soltero,secundaria,empleado,4,586000,5.58,90,1,consumo
51,masculino,divorciado,universitaria,empleado,3,2323000,11.03,90,1,vehicular
54,masculino,divorciado,master,independiente,6,3775000,18.09,72,1,consumo
34,masculino,soltero,secundaria,desempleado,4,160000,2.35,18,0,consumo
22,femenino,casado,universitaria,independiente,9,1210000,14.74,90,1,hipotecario
35,femenino,soltero,universitaria,empleado,6,3653000,8.81,18,0,hipotecario
61,masculino,casado,PhD,desempleado,4,1707000,4.61,72,1,consumo
31,femenino,soltero,universitaria,empleado,2,524000,13.39,90,1,consumo
35,masculino,soltero,PhD,independiente,1,1481000,8.2,72,1,vehicular
38,femenino,divorciado,PhD,empleado,1,4959000,14.98,18,0,hipotecario
23,masculino,divorciado,PhD,desempleado,3,577000,19.25,18,0,consumo
58,masculino,divorciado,universitaria,independiente,4,4956000,12.3,90,1,consumo
62,femenino,soltero,universitaria,desempleado,5,3420000,3.49,54,0,vehicular
24,masculino,soltero,secundaria,empleado,5,1211000,18.73,18,0,consumo
38,masculino,soltero,master,desempleado,9,166000,13.69,90,1,vehicular
26,masculino,soltero,secundaria,empleado,5,2464000,12.49,54,0,consumo
60,femenino,divorciado,PhD,independiente,2,3653000,16.76,18,0,consumo
28,femenino,casado,PhD,desempleado,1,1038000,2.43,36,0,hipotecario
43,masculino,soltero,universitaria,empleado,6,1862000,13.96,18,0,vehicular
46,masculino,casado,universitaria,empleado,3,2887000,15.87,72,1,hipotecario
35,femenino,casado,secundaria,independiente,4,1774000,16.52,72,1,vehicular
34,masculino,casado,universitaria,independiente,5,3046000,13.19,72,1,hipotecario
41,masculino,casado,master,empleado,1,1009000,12.33,54,0,hipotecario
47,masculino,soltero,universitaria,independiente,1,4461000,18.59,90,1,hipotecario
62,masculino,soltero,PhD,empleado,10,2733000,13.6,18,0,hipotecario
52,femenino,divorciado,PhD,independiente,9,1168000,4.64,72,1,hipotecario
31,femenino,soltero,secundaria,independiente,10,2803000,9.83,72,1,hipotecario
52,femenino,divorciado,universitaria,desempleado,10,2912000,2.77,36,0,hipotecario
34,masculino,casado,secundaria,empleado,10,711000,9.65,90,1,consumo
64,femenino,soltero,PhD,empleado,1,994000,15.79,36,0,consumo
53,femenino,casado,universitaria,empleado,9,4789000,12.31,72,1,hipotecario
52,femenino,divorciado,PhD,empleado,8,2274000,15.28,54,0,hipotecario
60,masculino,soltero,PhD,empleado,5,2917000,7.07,90,1,consumo
29,masculino,soltero,universitaria,desempleado,7,2876000,11.31,72,1,consumo
46,femenino,divorciado,secundaria,desempleado,6,2605000,15.32,72,1,hipotecario
54,masculino,soltero,universitaria,independiente,7,2920000,13.71,72,1,hipotecario
49,masculino,divorciado,secundaria,independiente,1,804000,13.21,36,0,vehicular
23,femenino,soltero,master,empleado,7,2434000,15.29,72,1,vehicular
50,masculino,divorciado,secundaria,independiente,1,360000,19.04,36,0,consumo
29,masculino,casado,PhD,desempleado,8,2250000,15.57,36,0,hipotecario
65,masculino,casado,master,empleado,10,3248000,8.54,36,0,consumo
64,masculino,casado,master,desempleado,10,445000,7.6,72,1,hipotecario
24,femenino,casado,PhD,independiente,8,1383000,9.27,90,1,hipotecario
59,femenino,soltero,PhD,desempleado,4,827000,6.3,72,1,consumo
56,femenino,soltero,secundaria,independiente,8,1879000,7.74,54,0,vehicular
58,femenino,divorciado,secundaria,desempleado,4,3509000,10.28,36,0,hipotecario
61,femenino,soltero,secundaria,empleado,4,2669000,13.62,54,0,vehicular
53,femenino,soltero,master,independiente,5,2209000,5.38,36,0,vehicular
54,masculino,casado,universitaria,desempleado,10,4501000,12.34,18,0,consumo
34,femenino,casado,master,empleado,5,482000,19.51,90,1,vehicular
28,femenino,casado,secundaria,desempleado,8,2958000,4.5,18,0,vehicular
27,masculino,soltero,PhD,empleado,1,1373000,3.83,90,1,vehicular
35,masculino,divorciado,PhD,desempleado,4,4484000,8.23,72,1,vehicular
47,femenino,divorciado,secundaria,desempleado,4,1870000,6.03,18,0,consumo
31,masculino,casado,secundaria,independiente,8,2543000,1.62,54,0,hipotecario
64,femenino,casado,universitaria,independiente,10,1759000,9.08,90,1,consumo
29,femenino,casado,secundaria,empleado,10,4875000,18.5,72,1,consumo
64,femenino,divorciado,PhD,independiente,8,775000,12.36,72,1,hipotecario
58,femenino,casado,secundaria,empleado,10,274000,19.99,54,0,hipotecario
31,femenino,divorciado,PhD,independiente,7,4225000,19.41,72,1,vehicular
41,femenino,divorciado,secundaria,empleado,8,2518000,13.59,72,1,hipotecario
49,masculino,soltero,master,independiente,7,4417000,16.67,18,0,hipotecario
49,femenino,casado,universitaria,desempleado,8,3808000,15.44,36,0,vehicular
28,femenino,soltero,PhD,empleado,10,2107000,14.49,54,0,hipotecario
55,femenino,casado,universitaria,empleado,3,4281000,18.72,54,0,hipotecario
37,femenino,soltero,PhD,empleado,7,1699000,18.52,90,1,hipotecario
24,femenino,soltero,master,desempleado,5,2604000,16.91,90,1,hipotecario
29,femenino,divorciado,PhD,independiente,9,3264000,9.65,54,0,consumo
35,femenino,casado,PhD,empleado,7,3339000,19.78,36,0,vehicular
28,femenino,casado,PhD,empleado,1,1309000,8.79,36,0,consumo
36,femenino,divorciado,PhD,desempleado,9,3288000,19.13,72,1,hipotecario
59,masculino,casado,master,empleado,2,943000,9.43,54,0,consumo
40,masculino,soltero,master,independiente,9,3557000,11.75,36,0,consumo
25,femenino,divorciado,universitaria,independiente,4,3968000,13.12,72,1,vehicular
20,femenino,soltero,universitaria,empleado,10,2609000,13.14,72,1,hipotecario
49,femenino,casado,PhD,independiente,10,3111000,11.92,54,0,consumo
45,femenino,casado,secundaria,desempleado,4,3055000,5.16,36,0,hipotecario
63,masculino,divorciado,secundaria,desempleado,8,380000,12.01,36,0,consumo
40,femenino,casado,universitaria,empleado,9,4309000,18.36,36,0,vehicular
38,femenino,casado,PhD,empleado,7,4775000,7.95,72,1,consumo
54,masculino,soltero,master,desempleado,10,3296000,16.63,54,0,consumo
34,femenino,casado,master,desempleado,8,2635000,13.34,18,0,consumo
22,femenino,soltero,secundaria,empleado,3,3360000,9.62,90,1,vehicular
29,femenino,divorciado,secundaria,independiente,1,3208000,5.13,72,1,consumo
26,femenino,divorciado,master,empleado,2,3914000,2.74,36,0,hipotecario
58,masculino,casado,master,empleado,10,1821000,2.3,90,1,consumo
33,masculino,soltero,universitaria,desempleado,3,4632000,5.76,36,0,consumo
21,masculino,casado,master,empleado,3,2326000,2,72,1,hipotecario
24,femenino,soltero,master,desempleado,9,1958000,18.96,18,0,hipotecario
53,femenino,soltero,secundaria,empleado,7,1006000,10.32,72,1,consumo
40,masculino,casado,universitaria,independiente,9,2828000,8.24,90,1,hipotecario
49,femenino,casado,secundaria,desempleado,9,1904000,9.17,36,0,vehicular
49,femenino,soltero,secundaria,independiente,5,3240000,19.12,72,1,consumo
25,masculino,soltero,secundaria,desempleado,9,603000,12.14,90,1,hipotecario
62,masculino,soltero,master,desempleado,1,2513000,12.41,54,0,consumo
52,masculino,casado,PhD,empleado,9,3183000,3.18,54,0,hipotecario
47,masculino,divorciado,master,empleado,5,2951000,7.67,36,0,consumo
62,femenino,casado,universitaria,desempleado,2,4550000,5.09,72,1,vehicular
30,femenino,soltero,master,desempleado,3,1420000,15.33,18,0,hipotecario
37,femenino,divorciado,PhD,independiente,5,1908000,15.34,18,0,vehicular
27,femenino,divorciado,PhD,desempleado,4,3416000,19.7,18,0,consumo
39,masculino,casado,master,independiente,8,3713000,4.34,72,1,hipotecario
34,femenino,casado,PhD,desempleado,8,753000,17.38,90,1,vehicular
45,femenino,soltero,secundaria,independiente,3,3960000,16.81,54,0,consumo
26,masculino,soltero,PhD,desempleado,6,1959000,7.33,36,0,consumo
60,masculino,divorciado,universitaria,independiente,3,2082000,2.95,54,0,consumo
58,masculino,divorciado,secundaria,empleado,8,3992000,15.33,90,1,vehicular
56,femenino,divorciado,master,empleado,8,2640000,16.13,90,1,consumo
52,masculino,soltero,PhD,independiente,5,744000,13.25,18,0,hipotecario
52,femenino,soltero,secundaria,independiente,4,2797000,12.5,90,1,consumo
48,masculino,soltero,secundaria,desempleado,4,3772000,19.83,90,1,hipotecario
30,femenino,soltero,master,independiente,10,539000,16,54,0,consumo
26,femenino,soltero,master,desempleado,3,2896000,2.55,36,0,vehicular
61,femenino,casado,secundaria,independiente,6,1172000,13.73,90,1,consumo
62,femenino,divorciado,master,empleado,4,2967000,19.01,72,1,consumo
28,masculino,casado,master,empleado,9,417000,13.58,90,1,consumo
44,masculino,casado,universitaria,desempleado,8,467000,8.81,36,0,vehicular
38,femenino,casado,universitaria,independiente,8,1728000,7.99,90,1,vehicular
38,femenino,divorciado,PhD,empleado,3,2197000,1.99,72,1,vehicular
26,masculino,soltero,secundaria,empleado,3,3770000,2.74,36,0,vehicular
21,femenino,casado,PhD,desempleado,2,3245000,5.27,54,0,consumo
61,femenino,casado,universitaria,empleado,3,4035000,9.52,18,0,consumo
36,masculino,casado,PhD,empleado,5,1122000,1.91,72,1,hipotecario
49,masculino,casado,PhD,desempleado,9,4924000,5.6,36,0,vehicular
20,femenino,casado,PhD,empleado,9,3125000,2.29,90,1,hipotecario
52,masculino,soltero,PhD,empleado,5,236000,7.78,18,0,vehicular
62,masculino,divorciado,master,empleado,6,1569000,16.78,72,1,hipotecario
60,masculino,casado,secundaria,desempleado,1,2562000,4.83,36,0,consumo
39,femenino,divorciado,PhD,independiente,4,2500000,7.78,18,0,hipotecario
37,masculino,soltero,PhD,independiente,6,1667000,10.43,72,1,vehicular
37,masculino,divorciado,PhD,empleado,9,2564000,7.1,18,0,vehicular
38,femenino,soltero,PhD,empleado,8,455000,14.81,54,0,hipotecario
37,masculino,casado,PhD,independiente,3,361000,3.71,90,1,hipotecario
22,masculino,casado,universitaria,desempleado,10,372000,12.5,72,1,vehicular
48,masculino,divorciado,universitaria,desempleado,5,2194000,19.25,18,0,hipotecario
51,femenino,divorciado,secundaria,independiente,8,1900000,19.93,54,0,hipotecario
32,masculino,casado,secundaria,independiente,8,836000,16.4,54,0,hipotecario
65,masculino,divorciado,master,independiente,3,3132000,10.67,18,0,consumo
35,femenino,casado,master,desempleado,9,1189000,12.63,18,0,consumo
45,femenino,divorciado,PhD,independiente,3,2759000,13.2,72,1,vehicular
53,femenino,casado,universitaria,empleado,2,4446000,3.91,36,0,consumo
65,masculino,soltero,master,empleado,9,2402000,3.38,54,0,hipotecario
25,masculino,divorciado,universitaria,empleado,10,2932000,17.01,90,1,consumo
25,masculino,divorciado,master,desempleado,7,354000,10.46,90,1,vehicular
39,femenino,casado,PhD,independiente,1,1426000,9.35,72,1,vehicular
41,masculino,soltero,master,desempleado,7,1197000,15.45,90,1,hipotecario
40,masculino,soltero,secundaria,independiente,2,525000,6.51,72,1,hipotecario
35,masculino,soltero,master,empleado,9,4016000,10.48,54,0,vehicular
25,femenino,divorciado,PhD,empleado,1,524000,6.35,90,1,hipotecario
50,femenino,divorciado,secundaria,empleado,6,3483000,7.95,72,1,consumo
55,masculino,soltero,master,empleado,9,2446000,16.68,90,1,hipotecario
27,masculino,casado,PhD,independiente,9,3167000,15.34,36,0,hipotecario
45,masculino,casado,secundaria,empleado,9,3933000,3.83,90,1,consumo
59,femenino,casado,PhD,desempleado,10,2922000,10.64,90,1,hipotecario
65,femenino,soltero,secundaria,independiente,7,4996000,6.85,18,0,hipotecario
36,masculino,divorciado,secundaria,desempleado,10,3289000,3.81,36,0,consumo
64,masculino,casado,secundaria,independiente,7,1810000,8.8,90,1,vehicular
23,masculino,divorciado,universitaria,desempleado,8,4508000,8.16,36,0,vehicular
41,femenino,divorciado,master,desempleado,5,4782000,6.67,54,0,vehicular
33,femenino,soltero,PhD,independiente,5,2514000,3.32,90,1,vehicular
42,masculino,soltero,secundaria,independiente,6,3811000,13.46,72,1,consumo
54,femenino,divorciado,master,empleado,10,2107000,5.61,90,1,consumo
34,masculino,casado,PhD,independiente,3,143000,19.33,36,0,vehicular
50,femenino,divorciado,universitaria,independiente,1,850000,13.39,36,0,hipotecario
22,masculino,soltero,universitaria,empleado,8,1663000,18.8,54,0,consumo
39,masculino,soltero,master,independiente,9,4243000,17.9,36,0,hipotecario
37,masculino,casado,master,empleado,5,1662000,1.27,54,0,vehicular
63,masculino,casado,PhD,independiente,7,900000,4.51,36,0,vehicular
35,masculino,soltero,PhD,empleado,6,2633000,12.07,90,1,consumo
61,femenino,divorciado,universitaria,empleado,5,1440000,8.7,90,1,hipotecario
64,masculino,divorciado,master,independiente,3,4111000,3.91,90,1,vehicular
64,femenino,divorciado,universitaria,empleado,2,4508000,9.49,54,0,consumo
27,masculino,divorciado,universitaria,desempleado,6,4465000,9.39,36,0,hipotecario
51,masculino,divorciado,PhD,empleado,7,3932000,11.71,90,1,vehicular
39,masculino,soltero,master,empleado,2,480000,9.05,18,0,hipotecario
24,femenino,casado,master,independiente,7,3241000,19.86,72,1,vehicular
44,masculino,divorciado,universitaria,desempleado,3,4607000,8.47,36,0,hipotecario
20,masculino,soltero,PhD,desempleado,9,3282000,16.64,36,0,vehicular
29,femenino,casado,secundaria,empleado,10,231000,5.57,18,0,consumo
22,femenino,divorciado,secundaria,empleado,8,2066000,11.26,18,0,consumo
38,masculino,divorciado,master,desempleado,6,2087000,6.73,36,0,hipotecario
34,femenino,soltero,master,empleado,3,3684000,11.56,18,0,vehicular
62,femenino,divorciado,master,desempleado,5,3258000,4.49,90,1,vehicular
34,femenino,divorciado,universitaria,independiente,7,3594000,11.59,36,0,vehicular
36,masculino,soltero,secundaria,independiente,9,1698000,1.98,72,1,hipotecario
58,masculino,casado,universitaria,desempleado,4,4121000,4.97,54,0,vehicular
33,masculino,divorciado,secundaria,desempleado,4,1816000,8.54,36,0,hipotecario
38,femenino,soltero,master,independiente,8,4009000,2.87,72,1,vehicular
43,femenino,soltero,secundaria,desempleado,3,236000,5.95,90,1,hipotecario
46,femenino,casado,universitaria,independiente,4,4288000,11.46,54,0,vehicular
61,femenino,soltero,universitaria,desempleado,3,4685000,10.28,90,1,hipotecario
53,masculino,casado,secundaria,empleado,4,670000,14.44,18,0,consumo
49,femenino,casado,PhD,desempleado,9,4728000,8.82,18,0,hipotecario
37,femenino,casado,PhD,empleado,9,1349000,5.58,90,1,hipotecario
42,femenino,soltero,secundaria,independiente,10,2140000,19.81,36,0,vehicular
25,masculino,casado,PhD,independiente,1,179000,14.35,18,0,vehicular
61,femenino,divorciado,secundaria,desempleado,4,4855000,10.03,18,0,consumo
37,masculino,casado,master,empleado,3,3441000,18.65,54,0,consumo
35,femenino,divorciado,master,independiente,2,4301000,15.16,54,0,consumo
47,masculino,casado,master,desempleado,7,2838000,1.56,54,0,vehicular
34,femenino,divorciado,PhD,independiente,7,819000,15.67,54,0,consumo
24,masculino,soltero,universitaria,independiente,3,3368000,7.02,18,0,consumo
39,femenino,soltero,master,empleado,7,3865000,11.58,90,1,vehicular
21,masculino,soltero,secundaria,desempleado,7,204000,6.55,72,1,consumo
55,masculino,divorciado,universitaria,desempleado,5,2626000,6.1,36,0,consumo
47,femenino,soltero,master,independiente,5,2169000,14.7,72,1,hipotecario
32,femenino,casado,universitaria,independiente,6,3287000,16.28,54,0,vehicular
47,masculino,soltero,master,desempleado,8,2736000,4.38,72,1,vehicular
64,femenino,divorciado,universitaria,independiente,7,3162000,3.16,90,1,consumo
54,masculino,divorciado,secundaria,desempleado,4,3778000,16.16,18,0,vehicular
51,masculino,divorciado,master,empleado,7,3262000,2.41,90,1,vehicular
45,femenino,divorciado,secundaria,independiente,10,813000,3.08,36,0,hipotecario
42,masculino,divorciado,secundaria,desempleado,7,2882000,19.35,72,1,consumo
26,femenino,casado,universitaria,independiente,10,4298000,3.86,18,0,vehicular
38,femenino,casado,secundaria,desempleado,6,3920000,15.9,90,1,vehicular
50,masculino,soltero,PhD,independiente,2,289000,17.13,18,0,hipotecario
35,masculino,divorciado,universitaria,independiente,4,3498000,12.97,36,0,hipotecario
47,femenino,casado,universitaria,independiente,1,1902000,4.91,18,0,hipotecario
54,masculino,soltero,master,empleado,8,4527000,19.35,54,0,hipotecario
59,femenino,divorciado,secundaria,independiente,10,1547000,16.46,54,0,hipotecario
25,masculino,soltero,secundaria,empleado,6,1286000,10.71,72,1,hipotecario
56,femenino,soltero,universitaria,independiente,3,4755000,4.17,54,0,consumo
40,femenino,divorciado,secundaria,independiente,3,1737000,16.49,90,1,hipotecario
51,femenino,divorciado,PhD,independiente,8,1503000,2.57,18,0,consumo
22,femenino,casado,master,empleado,8,4711000,10.71,90,1,consumo
54,femenino,divorciado,secundaria,desempleado,7,959000,14.98,36,0,vehicular
48,femenino,soltero,secundaria,independiente,4,1861000,16.4,90,1,hipotecario
65,femenino,casado,universitaria,empleado,10,3043000,11.11,90,1,hipotecario
40,femenino,soltero,master,desempleado,2,1237000,19.29,72,1,consumo
61,masculino,divorciado,universitaria,empleado,4,3394000,10.3,90,1,hipotecario
60,femenino,soltero,PhD,empleado,2,3479000,10.8,54,0,hipotecario
49,femenino,soltero,secundaria,desempleado,6,631000,16.12,72,1,consumo
33,femenino,soltero,master,independiente,3,4849000,17.2,54,0,hipotecario
22,masculino,divorciado,PhD,empleado,8,3930000,1.01,72,1,consumo
28,femenino,casado,master,empleado,2,3219000,13.63,36,0,consumo
60,femenino,divorciado,universitaria,independiente,2,109000,5.06,18,0,consumo
34,femenino,casado,secundaria,desempleado,7,1209000,10.08,36,0,vehicular
26,masculino,soltero,master,independiente,3,1298000,2.3,90,1,consumo
61,masculino,soltero,master,desempleado,3,3554000,12.71,72,1,consumo
26,masculino,casado,PhD,independiente,3,2179000,6.26,18,0,consumo
58,femenino,divorciado,secundaria,desempleado,9,4374000,4.58,72,1,vehicular
23,masculino,soltero,PhD,empleado,10,696000,11.04,18,0,vehicular
28,femenino,divorciado,PhD,independiente,8,712000,1.32,18,0,consumo
33,masculino,casado,PhD,desempleado,9,3585000,9.05,72,1,consumo
54,masculino,soltero,secundaria,independiente,3,4600000,7.21,90,1,hipotecario
63,masculino,soltero,PhD,desempleado,1,2151000,2.64,72,1,consumo
59,masculino,soltero,universitaria,empleado,1,1474000,10.43,54,0,hipotecario
36,masculino,soltero,universitaria,desempleado,2,346000,7.37,72,1,vehicular
24,femenino,divorciado,secundaria,independiente,1,4291000,17.33,36,0,vehicular
36,masculino,divorciado,secundaria,empleado,1,203000,5.65,72,1,vehicular
29,masculino,casado,PhD,empleado,6,2375000,16.69,90,1,vehicular
52,masculino,casado,universitaria,desempleado,2,4001000,17.45,54,0,vehicular
55,femenino,casado,master,empleado,5,2135000,9.81,90,1,vehicular
54,masculino,casado,secundaria,independiente,6,180000,19.07,18,0,hipotecario
39,masculino,casado,universitaria,independiente,3,2447000,2.77,36,0,hipotecario
64,femenino,soltero,secundaria,desempleado,7,728000,12.25,18,0,vehicular
28,masculino,soltero,master,independiente,6,2768000,9.6,36,0,consumo
28,masculino,casado,secundaria,empleado,7,1113000,11.18,36,0,vehicular
49,femenino,casado,secundaria,empleado,10,438000,5.09,54,0,consumo
65,masculino,soltero,PhD,desempleado,5,1559000,1.59,72,1,vehicular
55,masculino,casado,PhD,empleado,2,200000,2.17,36,0,consumo
45,femenino,divorciado,secundaria,desempleado,1,641000,4.76,72,1,consumo
41,masculino,casado,PhD,empleado,7,3413000,10.43,72,1,hipotecario
31,femenino,casado,universitaria,independiente,1,2162000,13.3,72,1,vehicular
50,masculino,casado,master,independiente,9,2190000,12.98,90,1,consumo
65,femenino,soltero,PhD,independiente,6,3358000,6.14,18,0,vehicular
34,masculino,soltero,secundaria,independiente,10,2053000,19.51,18,0,consumo
35,femenino,divorciado,secundaria,empleado,6,1557000,4.35,90,1,vehicular
64,femenino,divorciado,secundaria,desempleado,10,1292000,11.7,36,0,vehicular
39,masculino,soltero,secundaria,empleado,4,267000,11,18,0,vehicular
32,masculino,soltero,universitaria,independiente,10,1288000,15.71,90,1,vehicular
43,femenino,divorciado,secundaria,independiente,3,3765000,16.05,72,1,hipotecario
31,femenino,casado,universitaria,independiente,5,1168000,4.38,18,0,hipotecario
45,masculino,casado,master,desempleado,2,4262000,3.67,18,0,consumo
40,masculino,divorciado,secundaria,desempleado,6,3847000,1.22,36,0,consumo
24,femenino,soltero,secundaria,desempleado,8,3620000,19.41,72,1,vehicular
42,femenino,casado,PhD,desempleado,4,1464000,9.57,18,0,vehicular
40,femenino,casado,secundaria,independiente,3,729000,11.39,18,0,vehicular
59,femenino,divorciado,secundaria,independiente,10,3742000,3.98,18,0,vehicular
32,femenino,divorciado,master,desempleado,2,516000,8.47,90,1,vehicular
23,femenino,casado,PhD,empleado,10,4129000,4.79,18,0,consumo
60,femenino,casado,PhD,empleado,8,4203000,18,54,0,consumo
54,femenino,casado,master,independiente,1,2309000,9.36,54,0,consumo
56,masculino,casado,secundaria,empleado,7,2009000,11.52,72,1,hipotecario
54,femenino,divorciado,universitaria,independiente,1,4312000,11.85,90,1,hipotecario
59,masculino,casado,PhD,empleado,4,1717000,3.4,72,1,consumo
47,masculino,divorciado,universitaria,desempleado,2,830000,8.37,72,1,hipotecario
37,femenino,casado,PhD,empleado,10,4988000,15.41,18,0,consumo
26,femenino,divorciado,master,independiente,8,4898000,12.57,18,0,consumo
45,masculino,divorciado,PhD,empleado,4,513000,15.17,54,0,vehicular
41,femenino,soltero,master,independiente,2,2012000,3.55,72,1,vehicular
46,masculino,casado,PhD,empleado,8,4433000,17.48,18,0,hipotecario
24,femenino,divorciado,PhD,empleado,10,343000,4.3,36,0,consumo
22,femenino,casado,master,desempleado,8,4337000,8.54,18,0,hipotecario
35,femenino,soltero,PhD,empleado,10,4725000,7.65,36,0,vehicular
64,masculino,soltero,secundaria,independiente,4,1957000,13.3,36,0,vehicular
46,masculino,divorciado,secundaria,independiente,3,171000,5.25,90,1,vehicular
65,femenino,soltero,PhD,independiente,8,2635000,13.87,90,1,vehicular
26,masculino,divorciado,master,desempleado,5,2604000,14,72,1,consumo
37,femenino,soltero,master,desempleado,5,1680000,3.85,36,0,consumo
45,femenino,divorciado,universitaria,desempleado,5,2276000,18.23,72,1,vehicular
22,masculino,soltero,universitaria,desempleado,8,3107000,10.64,36,0,hipotecario
31,femenino,casado,PhD,empleado,9,1636000,18.99,54,0,hipotecario
34,femenino,casado,master,independiente,6,2286000,12.13,72,1,consumo
23,masculino,soltero,universitaria,desempleado,7,4545000,6.67,18,0,consumo
32,femenino,soltero,PhD,empleado,3,778000,10.26,36,0,vehicular
23,masculino,soltero,master,empleado,10,1429000,10.3,18,0,consumo
47,femenino,soltero,PhD,independiente,9,1773000,14.88,18,0,vehicular
32,masculino,divorciado,secundaria,desempleado,6,2718000,3.45,72,1,hipotecario
39,masculino,casado,secundaria,independiente,9,4497000,7.42,36,0,vehicular
42,masculino,casado,PhD,empleado,3,1872000,14.95,90,1,hipotecario
27,femenino,divorciado,secundaria,independiente,9,508000,12.28,18,0,hipotecario
61,masculino,casado,secundaria,independiente,9,2220000,10.01,36,0,consumo
63,masculino,soltero,PhD,desempleado,5,1251000,8.96,18,0,hipotecario
59,masculino,soltero,secundaria,empleado,4,2306000,16.8,36,0,vehicular
46,femenino,casado,secundaria,desempleado,8,2873000,5.46,18,0,hipotecario
27,femenino,casado,secundaria,desempleado,2,2247000,13.24,72,1,vehicular
49,masculino,casado,universitaria,empleado,6,3674000,15.03,18,0,consumo
28,masculino,soltero,master,independiente,2,3226000,16.48,36,0,consumo
45,femenino,soltero,PhD,desempleado,3,1048000,3.52,18,0,consumo
46,femenino,divorciado,PhD,empleado,6,342000,17.39,36,0,vehicular
27,femenino,soltero,secundaria,empleado,1,4502000,15.58,90,1,hipotecario
34,femenino,divorciado,secundaria,independiente,8,3000000,13.61,72,1,consumo
59,masculino,casado,universitaria,desempleado,3,728000,15.28,54,0,consumo
37,masculino,divorciado,universitaria,desempleado,4,761000,9.72,90,1,vehicular
51,femenino,soltero,secundaria,independiente,2,3484000,8.83,90,1,hipotecario
25,femenino,divorciado,universitaria,desempleado,6,555000,16.52,72,1,vehicular
59,femenino,divorciado,master,desempleado,4,118000,7.49,54,0,hipotecario
43,masculino,casado,universitaria,independiente,7,997000,5.83,36,0,consumo
45,masculino,soltero,universitaria,desempleado,7,490000,18.61,90,1,consumo
49,masculino,soltero,secundaria,desempleado,7,4151000,18.56,36,0,hipotecario
31,masculino,casado,PhD,desempleado,9,3327000,8.95,90,1,hipotecario
37,femenino,soltero,master,independiente,7,4397000,6.68,90,1,vehicular
55,masculino,casado,universitaria,desempleado,6,1213000,19.65,36,0,hipotecario
64,femenino,divorciado,secundaria,independiente,10,3602000,13.81,90,1,vehicular
20,masculino,casado,PhD,empleado,4,2340000,15.25,36,0,vehicular
36,masculino,casado,master,empleado,6,3897000,2.95,90,1,consumo
61,femenino,casado,master,desempleado,7,3594000,19.18,54,0,hipotecario
20,femenino,casado,PhD,empleado,6,4685000,15.03,36,0,hipotecario
38,femenino,casado,secundaria,empleado,9,1101000,8.17,72,1,vehicular
36,masculino,casado,master,empleado,3,435000,3.92,54,0,hipotecario
60,femenino,soltero,master,empleado,9,1945000,19.18,90,1,consumo
30,femenino,divorciado,PhD,empleado,6,2877000,7.86,36,0,hipotecario
50,masculino,casado,master,independiente,10,2145000,19.22,54,0,vehicular
44,femenino,divorciado,master,empleado,6,4414000,16.25,72,1,vehicular
38,masculino,soltero,secundaria,empleado,9,4573000,1.14,18,0,consumo
60,masculino,divorciado,PhD,empleado,7,705000,15.19,36,0,consumo
65,femenino,casado,secundaria,empleado,9,691000,11.92,36,0,vehicular
44,femenino,divorciado,PhD,independiente,2,4587000,1.11,90,1,consumo
57,masculino,divorciado,secundaria,independiente,5,2628000,12.52,54,0,vehicular
45,masculino,soltero,universitaria,desempleado,7,4678000,6.6,36,0,vehicular
61,femenino,casado,universitaria,empleado,10,3406000,11.21,18,0,vehicular
42,masculino,soltero,universitaria,empleado,5,1730000,3.18,90,1,consumo
49,masculino,soltero,secundaria,independiente,10,4187000,19.08,54,0,consumo
61,masculino,casado,master,desempleado,6,4176000,9.56,90,1,hipotecario
64,masculino,divorciado,master,independiente,1,2727000,5.68,36,0,hipotecario
61,femenino,soltero,master,empleado,8,3983000,9.46,54,0,vehicular
26,masculino,divorciado,secundaria,independiente,9,1748000,6,18,0,hipotecario
21,masculino,divorciado,PhD,desempleado,9,2286000,11.33,90,1,vehicular
29,femenino,soltero,universitaria,desempleado,3,3998000,10.52,18,0,vehicular
52,masculino,divorciado,universitaria,desempleado,9,1278000,9.48,36,0,hipotecario
62,masculino,divorciado,PhD,independiente,8,2044000,2.19,54,0,consumo
62,masculino,divorciado,master,independiente,1,435000,19.63,54,0,consumo
53,femenino,divorciado,master,desempleado,7,3275000,7.94,18,0,hipotecario
44,masculino,divorciado,PhD,independiente,8,4144000,17.86,18,0,hipotecario
48,masculino,casado,secundaria,desempleado,3,1668000,3.99,90,1,hipotecario
62,masculino,soltero,master,desempleado,8,4118000,5,36,0,hipotecario
21,masculino,casado,universitaria,desempleado,9,429000,17.93,36,0,consumo
36,masculino,divorciado,PhD,desempleado,1,2478000,19,36,0,vehicular
50,femenino,casado,universitaria,independiente,3,4385000,6.03,54,0,vehicular
57,masculino,casado,PhD,independiente,4,4485000,17.33,90,1,hipotecario
29,masculino,casado,PhD,desempleado,9,4322000,15.3,18,0,vehicular
28,masculino,divorciado,PhD,desempleado,9,3698000,5.36,72,1,vehicular
57,masculino,soltero,universitaria,independiente,2,2476000,12.37,90,1,vehicular
32,masculino,divorciado,secundaria,desempleado,1,3246000,13.44,54,0,vehicular
26,masculino,soltero,master,independiente,10,3167000,12.63,72,1,consumo
55,femenino,casado,master,desempleado,5,4946000,7.54,72,1,hipotecario
62,masculino,divorciado,universitaria,independiente,2,1899000,10.66,54,0,hipotecario
64,masculino,casado,PhD,desempleado,3,4057000,18.59,72,1,consumo
36,masculino,soltero,secundaria,desempleado,7,4471000,6.44,90,1,consumo
60,femenino,soltero,secundaria,empleado,5,1734000,1.64,90,1,hipotecario
64,masculino,divorciado,universitaria,desempleado,1,1421000,2.65,54,0,vehicular
62,femenino,soltero,universitaria,desempleado,2,856000,11.44,90,1,hipotecario
42,femenino,casado,universitaria,independiente,1,2290000,4.33,90,1,consumo
24,femenino,soltero,secundaria,desempleado,10,2198000,14.19,72,1,hipotecario
35,femenino,soltero,PhD,desempleado,2,2263000,2.28,36,0,hipotecario
34,femenino,soltero,master,desempleado,5,2183000,6.46,72,1,hipotecario
41,masculino,divorciado,universitaria,independiente,10,2357000,4.47,36,0,vehicular
32,masculino,divorciado,universitaria,independiente,4,3087000,3.96,18,0,consumo
63,femenino,divorciado,secundaria,desempleado,6,2746000,10.35,90,1,vehicular
31,femenino,soltero,universitaria,desempleado,7,4112000,18.85,18,0,hipotecario
45,masculino,soltero,secundaria,desempleado,1,199000,13.81,72,1,hipotecario
40,femenino,divorciado,master,empleado,5,4054000,19.21,54,0,vehicular
51,femenino,casado,PhD,desempleado,7,2446000,9.56,90,1,consumo
63,masculino,casado,master,empleado,4,1323000,16.2,36,0,vehicular
31,femenino,soltero,universitaria,desempleado,6,4182000,6.7,90,1,hipotecario
45,masculino,divorciado,universitaria,empleado,8,908000,9.55,54,0,vehicular
43,femenino,soltero,secundaria,independiente,10,1769000,11.96,90,1,consumo
42,femenino,divorciado,PhD,desempleado,7,2504000,9.81,36,0,consumo
41,femenino,divorciado,PhD,empleado,4,2730000,7.02,54,0,hipotecario
58,femenino,soltero,PhD,independiente,8,3573000,4.18,18,0,consumo
35,femenino,divorciado,secundaria,empleado,2,635000,18.8,72,1,hipotecario
21,femenino,divorciado,secundaria,empleado,2,3370000,6.88,36,0,hipotecario
48,masculino,casado,universitaria,empleado,6,4094000,9.88,90,1,vehicular
48,masculino,divorciado,universitaria,desempleado,10,3749000,10.95,90,1,vehicular
50,masculino,casado,PhD,independiente,3,2647000,1.2,90,1,consumo
38,femenino,divorciado,secundaria,desempleado,8,2613000,1.17,72,1,vehicular
34,masculino,divorciado,master,empleado,7,3411000,5.75,72,1,vehicular
36,masculino,soltero,universitaria,desempleado,5,2488000,13.32,90,1,vehicular
32,masculino,casado,universitaria,independiente,10,3898000,6.17,90,1,vehicular
40,masculino,casado,secundaria,desempleado,5,2358000,3.38,72,1,hipotecario
34,masculino,casado,secundaria,independiente,5,4281000,19.96,72,1,hipotecario
41,masculino,casado,secundaria,independiente,9,4044000,4.45,54,0,vehicular
27,masculino,soltero,PhD,empleado,4,3966000,14.97,18,0,hipotecario
33,femenino,soltero,master,independiente,1,4710000,10.9,54,0,vehicular
39,masculino,soltero,secundaria,desempleado,4,3742000,7.17,36,0,vehicular
27,femenino,casado,secundaria,empleado,8,1400000,8.06,18,0,consumo
51,masculino,divorciado,master,desempleado,3,4599000,16.04,36,0,vehicular
40,femenino,soltero,universitaria,empleado,3,2203000,18.07,72,1,hipotecario
55,femenino,divorciado,PhD,empleado,6,2815000,14.92,54,0,hipotecario
30,masculino,divorciado,universitaria,independiente,9,3180000,9.63,90,1,vehicular
31,masculino,divorciado,master,desempleado,2,4621000,16.56,36,0,hipotecario
51,masculino,divorciado,master,independiente,2,907000,10.94,18,0,consumo
31,masculino,casado,secundaria,independiente,10,3360000,13.5,90,1,hipotecario
57,femenino,casado,master,empleado,1,1851000,13.46,18,0,vehicular
23,femenino,divorciado,PhD,independiente,10,2330000,11.05,18,0,vehicular
33,masculino,casado,universitaria,desempleado,9,2187000,11.83,36,0,hipotecario
55,femenino,divorciado,secundaria,desempleado,8,3683000,17.77,36,0,consumo
45,femenino,divorciado,universitaria,desempleado,6,2744000,11.45,54,0,vehicular
60,femenino,divorciado,master,desempleado,4,3246000,15.55,54,0,vehicular
48,femenino,casado,secundaria,independiente,3,2632000,1.12,36,0,consumo
21,femenino,divorciado,universitaria,empleado,3,1261000,6.03,90,1,consumo
36,femenino,casado,PhD,desempleado,2,2824000,16.07,36,0,vehicular
64,masculino,divorciado,master,empleado,7,758000,15.82,54,0,vehicular
46,masculino,casado,secundaria,desempleado,1,2657000,10.96,54,0,hipotecario
29,femenino,divorciado,universitaria,empleado,7,3838000,15.3,90,1,hipotecario
34,femenino,soltero,PhD,empleado,8,4894000,15.16,90,1,vehicular
25,femenino,divorciado,PhD,desempleado,8,4792000,4.76,72,1,hipotecario
32,masculino,casado,secundaria,independiente,10,852000,3.14,72,1,vehicular
42,masculino,soltero,master,desempleado,5,1520000,19.77,90,1,vehicular
29,femenino,casado,universitaria,empleado,2,1043000,15.05,36,0,hipotecario
38,masculino,soltero,secundaria,independiente,6,1853000,15.06,36,0,consumo
53,femenino,divorciado,PhD,desempleado,1,3259000,12.08,90,1,consumo
30,masculino,soltero,universitaria,desempleado,8,170000,2.27,54,0,hipotecario
43,masculino,casado,master,desempleado,9,936000,18.17,72,1,hipotecario
25,masculino,casado,PhD,desempleado,1,2175000,18.52,54,0,vehicular
45,masculino,casado,master,desempleado,5,2081000,19.92,90,1,vehicular
60,femenino,soltero,secundaria,desempleado,3,2967000,18.05,36,0,consumo
44,masculino,soltero,universitaria,desempleado,10,2862000,9.53,36,0,consumo
28,masculino,casado,master,desempleado,3,3708000,19.92,36,0,hipotecario
30,femenino,casado,secundaria,empleado,1,2773000,17.72,72,1,vehicular
48,femenino,casado,universitaria,empleado,10,2339000,12.51,90,1,consumo
34,masculino,divorciado,secundaria,independiente,8,1225000,10.54,90,1,vehicular
61,femenino,casado,PhD,independiente,4,1998000,1.61,18,0,vehicular
34,masculino,casado,secundaria,empleado,10,4210000,14.07,72,1,consumo
45,masculino,divorciado,PhD,desempleado,10,4598000,10.98,18,0,hipotecario
48,femenino,casado,universitaria,desempleado,1,4778000,8.36,18,0,consumo
48,femenino,soltero,master,independiente,10,558000,14.11,36,0,vehicular
48,masculino,divorciado,secundaria,empleado,9,1235000,8.47,54,0,vehicular
31,femenino,divorciado,universitaria,independiente,3,1136000,2.73,72,1,hipotecario
25,femenino,divorciado,universitaria,independiente,3,2912000,11.74,36,0,consumo
31,masculino,soltero,master,independiente,5,1616000,3.23,36,0,consumo
59,femenino,casado,PhD,independiente,1,4239000,5.52,90,1,hipotecario
49,femenino,soltero,secundaria,desempleado,9,2433000,12.78,90,1,consumo
31,masculino,casado,master,empleado,10,2604000,7.29,18,0,consumo
46,masculino,casado,master,desempleado,10,4901000,15.96,36,0,vehicular
57,femenino,casado,secundaria,independiente,2,3685000,17.02,18,0,vehicular
28,masculino,divorciado,master,independiente,4,1854000,12.63,18,0,hipotecario
60,masculino,soltero,master,independiente,5,4507000,11.93,90,1,vehicular
59,femenino,divorciado,PhD,independiente,4,2537000,19.61,18,0,consumo
49,masculino,divorciado,universitaria,desempleado,1,2900000,7.64,36,0,consumo
32,femenino,soltero,secundaria,independiente,6,151000,3.16,54,0,vehicular
56,masculino,casado,universitaria,independiente,8,4080000,16.15,36,0,vehicular
60,femenino,divorciado,master,independiente,1,4471000,6.69,54,0,hipotecario
21,masculino,divorciado,master,independiente,5,361000,7.44,72,1,hipotecario
30,femenino,casado,secundaria,independiente,1,2377000,8.86,72,1,consumo
48,femenino,casado,master,empleado,1,1795000,18.35,72,1,hipotecario
50,masculino,casado,master,independiente,5,2846000,3.72,18,0,hipotecario
28,masculino,divorciado,secundaria,independiente,2,134000,6.91,18,0,hipotecario
25,femenino,soltero,secundaria,empleado,5,289000,11.97,54,0,hipotecario
40,masculino,casado,master,independiente,8,1087000,6.18,36,0,vehicular
20,masculino,casado,master,desempleado,5,4916000,5.65,18,0,vehicular
41,femenino,casado,universitaria,empleado,1,989000,8.29,18,0,vehicular
31,femenino,divorciado,master,independiente,9,759000,19.5,72,1,hipotecario
25,femenino,casado,PhD,independiente,8,4047000,5.4,36,0,consumo
36,femenino,soltero,universitaria,desempleado,6,3902000,10.26,18,0,vehicular
42,femenino,soltero,universitaria,independiente,10,1169000,10.65,72,1,hipotecario
40,masculino,soltero,PhD,independiente,10,2144000,11.41,72,1,vehicular
41,masculino,divorciado,PhD,independiente,9,2081000,4.29,18,0,hipotecario
56,femenino,casado,PhD,independiente,3,2684000,19.16,18,0,hipotecario
63,femenino,soltero,PhD,desempleado,4,1265000,17.86,18,0,consumo
29,femenino,divorciado,master,independiente,4,1825000,13.95,54,0,vehicular
63,femenino,soltero,master,empleado,9,3491000,17.11,54,0,consumo
55,masculino,casado,master,empleado,4,3721000,14.34,72,1,hipotecario
65,femenino,soltero,PhD,independiente,3,4084000,3.64,90,1,vehicular
46,masculino,soltero,universitaria,empleado,1,1308000,14.71,72,1,hipotecario
28,masculino,casado,PhD,independiente,10,3671000,12.84,72,1,hipotecario
55,femenino,soltero,master,empleado,1,4948000,10.46,36,0,hipotecario
37,femenino,divorciado,master,empleado,8,3192000,3.15,72,1,hipotecario
29,femenino,soltero,secundaria,desempleado,4,4063000,12.98,18,0,hipotecario
54,femenino,divorciado,secundaria,independiente,8,3909000,10.74,72,1,hipotecario
41,femenino,soltero,master,independiente,10,2651000,14.81,90,1,vehicular
60,femenino,divorciado,universitaria,desempleado,10,329000,6.45,18,0,consumo
24,femenino,soltero,universitaria,desempleado,1,1036000,12.47,90,1,hipotecario
62,femenino,soltero,universitaria,independiente,8,1617000,16.19,18,0,vehicular
29,masculino,soltero,PhD,independiente,3,1869000,11.98,54,0,consumo
36,masculino,casado,universitaria,independiente,8,4567000,5.44,72,1,vehicular
29,femenino,casado,master,independiente,9,444000,2.85,90,1,hipotecario
47,femenino,soltero,master,independiente,10,3381000,9.76,36,0,hipotecario
57,masculino,divorciado,master,desempleado,6,4694000,1.2,18,0,consumo
46,masculino,divorciado,secundaria,desempleado,5,2213000,4.67,18,0,hipotecario
23,masculino,divorciado,secundaria,desempleado,10,1190000,8.14,90,1,consumo
64,masculino,soltero,master,independiente,8,2418000,15.62,54,0,vehicular
24,femenino,casado,PhD,independiente,5,2320000,4.38,18,0,vehicular
59,femenino,casado,PhD,empleado,7,1932000,12.67,18,0,vehicular
36,masculino,casado,secundaria,empleado,8,257000,18.03,36,0,hipotecario
20,masculino,divorciado,PhD,independiente,7,4920000,1.07,72,1,vehicular
45,masculino,divorciado,universitaria,empleado,8,1117000,11.78,54,0,vehicular
39,femenino,casado,secundaria,independiente,2,3956000,15.45,54,0,hipotecario
31,masculino,soltero,universitaria,independiente,6,4181000,2.61,72,1,hipotecario
28,masculino,casado,secundaria,desempleado,8,3361000,2.2,90,1,hipotecario
51,femenino,casado,secundaria,independiente,1,3502000,3.25,90,1,vehicular
54,masculino,divorciado,universitaria,empleado,8,260000,9.95,90,1,consumo
64,masculino,casado,universitaria,desempleado,2,3927000,12.61,90,1,consumo
27,femenino,divorciado,universitaria,empleado,6,3472000,7.16,90,1,hipotecario
40,masculino,casado,universitaria,independiente,3,3583000,4.19,54,0,hipotecario
48,masculino,divorciado,secundaria,empleado,10,3255000,15.78,18,0,vehicular
20,masculino,casado,secundaria,desempleado,7,4093000,14.15,36,0,consumo
37,femenino,soltero,universitaria,empleado,10,1610000,14.63,90,1,consumo
39,femenino,soltero,secundaria,desempleado,9,903000,12.76,90,1,hipotecario
49,masculino,soltero,secundaria,empleado,8,4273000,4.35,18,0,consumo
43,femenino,casado,PhD,independiente,8,463000,2.98,18,0,hipotecario
30,masculino,soltero,secundaria,empleado,8,4963000,7.19,36,0,hipotecario
40,masculino,casado,master,empleado,7,1777000,8.14,36,0,consumo
57,femenino,casado,PhD,empleado,8,1594000,8.36,36,0,vehicular
32,femenino,soltero,universitaria,independiente,10,600000,6.33,18,0,vehicular
46,masculino,soltero,universitaria,independiente,10,1526000,11.98,90,1,consumo
46,femenino,casado,PhD,independiente,7,2169000,5.71,72,1,hipotecario
57,masculino,divorciado,secundaria,independiente,8,4330000,1.64,90,1,vehicular
64,masculino,soltero,PhD,empleado,1,3511000,19.05,36,0,vehicular
35,masculino,casado,PhD,desempleado,8,4885000,15.2,18,0,vehicular
28,femenino,casado,master,desempleado,1,693000,8.31,54,0,hipotecario
38,femenino,soltero,universitaria,desempleado,1,4418000,18.96,54,0,consumo
44,femenino,soltero,secundaria,independiente,9,662000,11.65,36,0,consumo
35,masculino,divorciado,PhD,desempleado,4,1991000,7.09,54,0,hipotecario
47,femenino,casado,secundaria,independiente,9,4518000,16.76,72,1,hipotecario
63,femenino,soltero,master,desempleado,4,3941000,2.66,72,1,consumo
24,masculino,casado,master,empleado,3,1813000,10.89,18,0,vehicular
63,masculino,soltero,master,independiente,1,2545000,4.59,18,0,consumo
61,femenino,soltero,master,desempleado,8,4547000,17,72,1,vehicular
56,masculino,soltero,universitaria,independiente,5,497000,3.82,54,0,vehicular
59,masculino,divorciado,master,empleado,3,1453000,5.52,18,0,vehicular
28,femenino,soltero,master,empleado,1,2759000,19.58,36,0,vehicular
54,masculino,divorciado,master,empleado,8,1320000,19.01,54,0,consumo
54,femenino,divorciado,master,independiente,10,1334000,16.19,72,1,vehicular
27,femenino,casado,universitaria,desempleado,1,3469000,12.73,36,0,vehicular
25,femenino,casado,universitaria,desempleado,5,1742000,1.43,90,1,vehicular
62,masculino,divorciado,PhD,empleado,10,4391000,18.92,54,0,vehicular
65,femenino,soltero,PhD,independiente,6,2684000,19.57,90,1,consumo
48,femenino,soltero,master,empleado,7,1271000,16.87,90,1,consumo
33,femenino,soltero,master,empleado,7,842000,1.13,54,0,vehicular
55,femenino,divorciado,universitaria,empleado,5,4746000,10.32,54,0,hipotecario
51,femenino,casado,secundaria,empleado,8,1142000,13.42,54,0,vehicular
51,masculino,casado,secundaria,independiente,10,3135000,12.04,90,1,vehicular
60,femenino,divorciado,secundaria,independiente,1,2277000,4.09,18,0,consumo
49,masculino,soltero,universitaria,empleado,6,509000,6.51,90,1,hipotecario
52,masculino,divorciado,universitaria,empleado,9,2806000,17.58,54,0,vehicular
64,femenino,casado,master,empleado,5,3229000,15.8,72,1,vehicular
26,masculino,casado,universitaria,empleado,10,4509000,17.08,90,1,hipotecario
46,femenino,casado,secundaria,empleado,6,2714000,14.13,36,0,vehicular
53,femenino,casado,master,empleado,4,1180000,17.28,36,0,hipotecario
39,masculino,casado,universitaria,empleado,2,752000,1.36,72,1,vehicular
32,masculino,casado,secundaria,independiente,1,656000,6.73,18,0,consumo
58,masculino,divorciado,universitaria,empleado,2,1321000,17.07,54,0,hipotecario
42,masculino,divorciado,universitaria,desempleado,10,217000,11.05,36,0,vehicular
54,masculino,divorciado,secundaria,empleado,8,3174000,14.26,36,0,vehicular
26,masculino,soltero,PhD,independiente,7,1047000,15.47,54,0,consumo
27,masculino,soltero,master,desempleado,1,790000,7.23,18,0,vehicular
49,femenino,divorciado,PhD,empleado,7,1684000,17.28,72,1,hipotecario
31,masculino,divorciado,PhD,desempleado,9,813000,3.27,72,1,vehicular
57,masculino,divorciado,universitaria,empleado,6,1780000,12.3,72,1,consumo
47,femenino,soltero,master,desempleado,8,3493000,19.76,90,1,vehicular
49,masculino,casado,master,independiente,3,349000,2.89,18,0,consumo
63,masculino,casado,PhD,desempleado,5,908000,15.44,90,1,vehicular
32,femenino,divorciado,PhD,independiente,6,4634000,11.39,18,0,vehicular
44,femenino,soltero,PhD,independiente,3,4770000,13.53,54,0,hipotecario
51,femenino,casado,master,desempleado,2,4872000,13.83,90,1,hipotecario
56,femenino,soltero,universitaria,desempleado,8,3269000,12.72,54,0,vehicular
23,masculino,divorciado,secundaria,empleado,10,326000,15.54,54,0,vehicular
47,femenino,soltero,PhD,independiente,4,2068000,13.31,90,1,consumo
24,femenino,casado,master,empleado,1,3966000,13.5,72,1,hipotecario
46,femenino,casado,PhD,desempleado,7,4884000,8.42,90,1,consumo
26,masculino,soltero,PhD,desempleado,6,1498000,12.68,54,0,vehicular
51,masculino,divorciado,universitaria,independiente,10,3472000,16.29,90,1,hipotecario
65,masculino,divorciado,master,independiente,8,3683000,4.99,18,0,hipotecario
52,femenino,soltero,master,empleado,10,4423000,9.61,90,1,consumo
60,masculino,divorciado,PhD,empleado,8,2348000,18.81,90,1,hipotecario
56,masculino,divorciado,universitaria,independiente,3,2619000,17.04,72,1,vehicular
60,masculino,soltero,master,independiente,10,2081000,8.71,18,0,consumo
21,masculino,soltero,PhD,independiente,7,410000,4.84,54,0,consumo
36,femenino,divorciado,universitaria,desempleado,8,267000,2.05,18,0,vehicular
39,masculino,soltero,master,desempleado,7,1279000,5.48,90,1,hipotecario
27,femenino,soltero,secundaria,empleado,6,2862000,16.81,72,1,hipotecario
35,femenino,casado,universitaria,empleado,8,3526000,5.83,90,1,consumo
54,femenino,divorciado,secundaria,independiente,4,2430000,17.71,36,0,vehicular
65,femenino,soltero,secundaria,desempleado,1,559000,14.12,36,0,vehicular
44,femenino,divorciado,master,desempleado,8,3359000,1.15,72,1,vehicular
25,masculino,soltero,universitaria,empleado,6,3508000,16,54,0,consumo
50,femenino,soltero,PhD,empleado,5,4347000,2.26,72,1,hipotecario
55,femenino,soltero,secundaria,empleado,8,1242000,1.06,36,0,hipotecario
40,masculino,casado,universitaria,empleado,3,3542000,16.06,54,0,vehicular
28,femenino,casado,master,independiente,6,1626000,8.48,72,1,hipotecario
21,masculino,divorciado,universitaria,empleado,5,1516000,1.95,90,1,vehicular
36,masculino,casado,master,empleado,1,4511000,9.27,72,1,hipotecario
27,masculino,divorciado,universitaria,empleado,5,2516000,15.18,72,1,consumo
33,masculino,soltero,universitaria,independiente,1,2534000,19.55,36,0,hipotecario
35,femenino,divorciado,PhD,empleado,6,3435000,14.05,72,1,hipotecario
58,femenino,casado,secundaria,desempleado,4,4050000,18.26,90,1,hipotecario
65,masculino,casado,master,desempleado,7,3211000,3.51,90,1,consumo
31,femenino,casado,PhD,independiente,2,2762000,14.49,72,1,consumo
27,femenino,casado,universitaria,independiente,6,3708000,6.38,54,0,hipotecario
53,femenino,soltero,universitaria,independiente,3,4761000,17.21,72,1,consumo
29,masculino,casado,universitaria,empleado,8,3761000,3.2,72,1,consumo
42,femenino,soltero,PhD,empleado,2,3033000,2.78,54,0,consumo
52,femenino,divorciado,universitaria,desempleado,9,4888000,4.43,18,0,consumo
63,masculino,soltero,secundaria,independiente,2,3407000,8.1,18,0,vehicular
21,masculino,soltero,PhD,independiente,10,149000,7.26,18,0,hipotecario
48,femenino,divorciado,universitaria,empleado,5,2811000,16.16,18,0,hipotecario
44,masculino,soltero,master,empleado,7,848000,1.39,36,0,consumo
45,femenino,divorciado,universitaria,empleado,5,1201000,7.82,18,0,vehicular
32,femenino,soltero,PhD,independiente,7,857000,15.37,54,0,hipotecario
47,femenino,casado,secundaria,desempleado,4,1401000,18.68,90,1,hipotecario
53,masculino,soltero,PhD,independiente,5,1347000,19.7,54,0,consumo
47,femenino,divorciado,secundaria,desempleado,9,1003000,10.7,72,1,consumo
62,femenino,soltero,master,desempleado,1,1056000,15.07,72,1,consumo
45,masculino,casado,PhD,desempleado,8,3874000,12.85,54,0,vehicular
33,masculino,casado,master,desempleado,1,149000,8.5,18,0,consumo
50,femenino,divorciado,PhD,desempleado,8,2640000,12.75,90,1,vehicular
63,femenino,soltero,secundaria,empleado,2,233000,14.22,36,0,consumo
50,masculino,divorciado,universitaria,independiente,4,822000,6.72,72,1,consumo
47,masculino,casado,universitaria,empleado,8,4055000,1.37,72,1,hipotecario
32,femenino,divorciado,PhD,empleado,7,3587000,17.12,90,1,hipotecario
55,femenino,casado,PhD,independiente,10,4193000,5.41,18,0,hipotecario
47,femenino,divorciado,secundaria,independiente,8,1081000,10.4,54,0,vehicular
47,masculino,casado,master,desempleado,8,2047000,10.65,90,1,hipotecario
58,femenino,casado,master,desempleado,6,4062000,16.2,36,0,hipotecario
38,masculino,divorciado,PhD,empleado,10,4229000,2.92,72,1,vehicular
35,masculino,divorciado,secundaria,empleado,6,1430000,4.32,90,1,consumo
41,femenino,casado,universitaria,empleado,5,2955000,15.91,18,0,hipotecario
29,masculino,divorciado,secundaria,independiente,2,988000,15.85,90,1,consumo
22,masculino,casado,secundaria,empleado,5,3804000,15.48,72,1,hipotecario
29,femenino,soltero,universitaria,empleado,7,155000,5.66,72,1,vehicular
52,masculino,casado,master,independiente,6,2159000,3.88,90,1,vehicular
28,femenino,soltero,PhD,independiente,6,350000,9.41,18,0,hipotecario
24,masculino,soltero,master,independiente,7,616000,8.47,18,0,hipotecario
29,masculino,divorciado,master,independiente,9,2653000,14.71,54,0,vehicular
37,masculino,divorciado,PhD,independiente,10,3809000,14.25,72,1,consumo
25,masculino,divorciado,master,independiente,3,4466000,19.85,54,0,consumo
52,femenino,divorciado,master,desempleado,9,2270000,5.59,54,0,hipotecario
52,masculino,divorciado,secundaria,independiente,6,1139000,1.91,18,0,vehicular
56,masculino,soltero,master,empleado,10,4574000,17.05,36,0,vehicular
38,masculino,divorciado,PhD,desempleado,6,4432000,12.07,54,0,vehicular
29,femenino,soltero,secundaria,empleado,8,1902000,9.48,54,0,hipotecario
45,femenino,soltero,PhD,desempleado,8,3597000,16.65,36,0,hipotecario
51,femenino,casado,secundaria,desempleado,1,1416000,18.94,54,0,consumo
46,masculino,casado,master,desempleado,3,1088000,8.06,54,0,vehicular
51,masculino,casado,universitaria,desempleado,5,1908000,4.48,72,1,consumo
55,femenino,casado,secundaria,independiente,10,3895000,18.11,72,1,vehicular
58,masculino,casado,PhD,independiente,6,849000,16.2,90,1,vehicular
34,femenino,soltero,secundaria,desempleado,5,843000,17.45,18,0,hipotecario
65,femenino,divorciado,secundaria,desempleado,10,4645000,11.96,18,0,hipotecario
32,femenino,divorciado,secundaria,empleado,3,259000,6.22,36,0,consumo
57,femenino,casado,master,independiente,1,2952000,9.3,72,1,consumo
40,femenino,soltero,secundaria,empleado,3,2494000,3.74,54,0,consumo
39,femenino,divorciado,universitaria,empleado,3,328000,14.55,54,0,vehicular
40,masculino,soltero,master,independiente,1,1799000,5.55,90,1,hipotecario
51,femenino,casado,master,empleado,7,649000,10.2,72,1,hipotecario
21,femenino,divorciado,secundaria,empleado,3,2655000,11.8,72,1,consumo
52,masculino,casado,master,desempleado,4,4609000,19.1,90,1,vehicular
20,femenino,divorciado,master,desempleado,1,4145000,6.19,54,0,hipotecario
42,masculino,divorciado,master,empleado,10,687000,6.71,72,1,hipotecario
28,femenino,soltero,universitaria,desempleado,6,2292000,19.61,72,1,vehicular
62,femenino,soltero,universitaria,independiente,1,1222000,13.28,18,0,hipotecario
20,masculino,divorciado,universitaria,independiente,8,3395000,11.22,18,0,hipotecario
62,femenino,divorciado,secundaria,independiente,10,3103000,8.35,18,0,consumo
43,masculino,soltero,secundaria,empleado,5,3102000,4.64,90,1,hipotecario
65,masculino,casado,PhD,independiente,10,1854000,1.14,72,1,consumo
56,femenino,casado,universitaria,desempleado,10,4841000,4.34,90,1,consumo
24,masculino,soltero,universitaria,desempleado,4,294000,19.85,90,1,hipotecario
63,femenino,casado,PhD,desempleado,1,2810000,9.22,72,1,vehicular
63,femenino,soltero,master,desempleado,4,494000,6.28,72,1,hipotecario
40,masculino,soltero,universitaria,independiente,1,1993000,19.58,72,1,consumo
32,masculino,soltero,master,empleado,1,4126000,9.21,18,0,hipotecario
41,femenino,casado,secundaria,independiente,1,2898000,10.87,36,0,consumo
59,femenino,casado,PhD,desempleado,1,3266000,6.95,18,0,consumo
48,masculino,soltero,PhD,empleado,9,538000,6.6,72,1,vehicular
59,femenino,casado,secundaria,independiente,10,950000,7.45,18,0,vehicular
41,masculino,casado,secundaria,empleado,10,1724000,18.18,36,0,hipotecario
36,femenino,soltero,PhD,desempleado,4,1255000,16.14,18,0,consumo
57,femenino,divorciado,master,independiente,3,1337000,9.92,90,1,vehicular
43,masculino,divorciado,universitaria,empleado,1,3641000,7.53,36,0,hipotecario
24,femenino,casado,PhD,desempleado,10,2878000,17.19,90,1,vehicular
39,femenino,soltero,universitaria,empleado,8,1941000,18.48,36,0,hipotecario
49,masculino,casado,PhD,desempleado,7,1822000,8.61,18,0,vehicular
24,femenino,casado,secundaria,empleado,10,3119000,1.83,18,0,consumo
38,masculino,casado,master,desempleado,4,1598000,4.72,36,0,vehicular
21,masculino,soltero,secundaria,independiente,8,2115000,8.02,54,0,hipotecario
53,femenino,divorciado,secundaria,empleado,4,1708000,11.12,54,0,vehicular
47,masculino,casado,universitaria,desempleado,6,2173000,2.01,54,0,consumo
57,femenino,casado,secundaria,independiente,2,1505000,10.66,90,1,vehicular
53,femenino,casado,master,desempleado,8,4251000,10,90,1,vehicular
57,masculino,casado,universitaria,empleado,7,1934000,6.81,72,1,hipotecario
43,femenino,divorciado,secundaria,empleado,8,4452000,7.68,90,1,consumo
52,femenino,soltero,PhD,independiente,8,2759000,6.19,18,0,consumo
34,femenino,divorciado,secundaria,independiente,9,4402000,11.39,18,0,vehicular
26,masculino,casado,master,empleado,4,2862000,5.75,54,0,consumo
58,masculino,divorciado,master,empleado,6,3487000,18.97,90,1,hipotecario
50,masculino,soltero,universitaria,empleado,8,2061000,10.8,90,1,vehicular
49,femenino,casado,master,empleado,7,1858000,9.33,90,1,consumo
28,masculino,soltero,secundaria,independiente,6,1992000,8.96,72,1,hipotecario
39,femenino,divorciado,secundaria,desempleado,3,2870000,11.8,90,1,hipotecario
45,femenino,casado,PhD,empleado,8,1011000,7.25,72,1,hipotecario
25,masculino,casado,universitaria,empleado,8,325000,4.55,18,0,vehicular
33,masculino,soltero,secundaria,independiente,1,1541000,7.21,72,1,vehicular
27,masculino,divorciado,PhD,independiente,4,1190000,17.54,54,0,vehicular
62,femenino,casado,master,desempleado,8,2411000,4.83,36,0,vehicular
45,masculino,divorciado,master,desempleado,8,4933000,1.74,18,0,vehicular
49,femenino,divorciado,master,independiente,7,2190000,4.41,90,1,hipotecario
49,femenino,divorciado,universitaria,desempleado,1,2111000,17.83,36,0,vehicular
54,femenino,divorciado,secundaria,desempleado,8,3550000,19.86,90,1,consumo
24,masculino,divorciado,master,independiente,4,4345000,1.85,18,0,consumo
64,femenino,soltero,master,desempleado,7,417000,1.2,18,0,hipotecario
40,femenino,soltero,PhD,empleado,4,3772000,3.66,54,0,consumo
21,masculino,casado,master,empleado,3,751000,13.76,18,0,hipotecario
29,femenino,soltero,universitaria,empleado,9,1913000,9.4,18,0,hipotecario
61,masculino,soltero,master,independiente,1,3266000,15.58,36,0,vehicular
32,masculino,casado,PhD,empleado,4,630000,5.19,18,0,hipotecario
30,masculino,soltero,secundaria,independiente,4,1837000,18.75,72,1,vehicular
34,masculino,casado,master,independiente,6,201000,8.39,72,1,consumo
62,femenino,divorciado,master,empleado,7,2629000,15.58,72,1,consumo
54,masculino,soltero,secundaria,desempleado,7,1215000,7.31,54,0,hipotecario
24,femenino,casado,PhD,independiente,4,4323000,12.16,18,0,consumo
59,masculino,soltero,universitaria,desempleado,10,766000,2.14,54,0,vehicular
32,masculino,soltero,universitaria,desempleado,10,3822000,15.05,54,0,consumo
40,masculino,divorciado,PhD,desempleado,1,2021000,17.09,54,0,vehicular
33,masculino,divorciado,universitaria,desempleado,10,3300000,10.91,36,0,vehicular
20,masculino,soltero,secundaria,empleado,4,1153000,2.74,90,1,hipotecario
35,masculino,soltero,PhD,independiente,4,3657000,4.35,36,0,vehicular
56,femenino,divorciado,universitaria,independiente,2,3116000,8.57,36,0,vehicular
47,femenino,casado,PhD,empleado,2,2619000,12.31,36,0,hipotecario
31,femenino,soltero,PhD,independiente,9,4134000,2.37,36,0,hipotecario
32,masculino,casado,secundaria,empleado,6,4223000,8.69,72,1,vehicular
43,femenino,soltero,master,desempleado,7,426000,19.86,18,0,vehicular
30,masculino,soltero,master,desempleado,8,3189000,14.23,72,1,vehicular
35,masculino,soltero,secundaria,independiente,1,1341000,5.97,72,1,hipotecario
36,masculino,divorciado,universitaria,empleado,7,3436000,14.42,18,0,hipotecario
47,masculino,soltero,master,desempleado,7,2684000,14.94,18,0,consumo
56,femenino,casado,master,desempleado,7,2685000,1.12,36,0,vehicular
26,masculino,divorciado,PhD,desempleado,7,1531000,4.35,36,0,hipotecario
32,femenino,casado,secundaria,independiente,3,1786000,2.12,36,0,consumo
46,femenino,divorciado,secundaria,desempleado,2,3269000,3.37,18,0,vehicular
57,masculino,soltero,PhD,desempleado,1,2332000,15.28,18,0,hipotecario
22,masculino,casado,secundaria,independiente,5,4176000,9.99,54,0,hipotecario
41,femenino,divorciado,master,independiente,7,3275000,12.61,54,0,vehicular
20,femenino,divorciado,PhD,desempleado,1,1131000,17.51,54,0,hipotecario
43,femenino,divorciado,PhD,desempleado,1,2803000,1.32,54,0,consumo
40,femenino,casado,PhD,independiente,6,3690000,18.84,72,1,hipotecario
26,femenino,soltero,universitaria,desempleado,10,4333000,1.6,72,1,consumo
63,femenino,casado,PhD,empleado,4,2141000,5.02,18,0,consumo
65,masculino,casado,master,independiente,5,4096000,19.08,18,0,hipotecario
54,femenino,casado,master,empleado,10,642000,13.24,72,1,hipotecario
44,femenino,casado,universitaria,independiente,2,848000,7.46,90,1,consumo
27,femenino,casado,master,independiente,5,619000,12.21,36,0,vehicular
40,femenino,divorciado,universitaria,desempleado,4,994000,8.51,90,1,vehicular
29,femenino,casado,PhD,desempleado,5,1324000,15.19,18,0,hipotecario
39,masculino,soltero,PhD,desempleado,5,3260000,2.12,54,0,consumo
33,masculino,divorciado,secundaria,empleado,7,2609000,19.7,36,0,consumo
45,femenino,soltero,PhD,independiente,2,4528000,14.81,54,0,hipotecario
64,femenino,casado,universitaria,independiente,1,2651000,9.69,36,0,hipotecario
48,femenino,soltero,universitaria,empleado,4,177000,7.88,90,1,consumo
29,femenino,soltero,universitaria,empleado,3,540000,3.23,90,1,hipotecario
57,femenino,casado,PhD,empleado,7,4199000,6.75,90,1,consumo
44,masculino,soltero,PhD,independiente,6,197000,3.28,18,0,consumo
61,masculino,casado,PhD,independiente,10,1619000,8.3,72,1,vehicular
28,masculino,soltero,secundaria,desempleado,3,3500000,16.44,18,0,vehicular
54,femenino,casado,secundaria,empleado,3,1609000,1.1,72,1,vehicular
22,masculino,divorciado,universitaria,desempleado,5,394000,2.61,18,0,hipotecario
43,masculino,soltero,secundaria,empleado,5,4580000,9.45,90,1,vehicular
40,femenino,divorciado,universitaria,desempleado,4,408000,4.57,54,0,consumo
58,masculino,divorciado,master,independiente,7,724000,11.45,54,0,vehicular
30,femenino,soltero,secundaria,independiente,3,4595000,4.87,54,0,hipotecario
61,masculino,divorciado,master,desempleado,10,1476000,8.97,36,0,vehicular
44,masculino,divorciado,universitaria,empleado,2,4700000,8.73,54,0,hipotecario
43,femenino,soltero,universitaria,empleado,7,1964000,8.19,18,0,consumo
53,femenino,divorciado,PhD,empleado,10,2466000,11.48,90,1,consumo
30,femenino,soltero,universitaria,independiente,9,4728000,12.3,72,1,vehicular
28,femenino,casado,universitaria,desempleado,10,2343000,2,54,0,hipotecario
63,femenino,divorciado,PhD,empleado,8,4313000,6.45,72,1,hipotecario
34,femenino,divorciado,secundaria,independiente,2,767000,2.46,36,0,consumo
56,masculino,casado,master,desempleado,7,4367000,18.72,36,0,vehicular
52,masculino,soltero,secundaria,desempleado,1,3665000,14.35,54,0,consumo
62,masculino,divorciado,PhD,empleado,9,1988000,4.32,54,0,consumo
42,masculino,soltero,PhD,independiente,6,2195000,16.8,18,0,vehicular
50,femenino,soltero,universitaria,empleado,7,1924000,18.54,90,1,consumo
59,femenino,casado,master,empleado,5,3069000,3.04,54,0,hipotecario
45,femenino,casado,secundaria,independiente,9,4414000,18.07,72,1,consumo
20,masculino,divorciado,master,empleado,5,3158000,9.14,36,0,hipotecario
26,femenino,divorciado,PhD,empleado,7,149000,7.83,36,0,consumo
38,masculino,casado,PhD,independiente,3,1769000,19.02,54,0,consumo
51,femenino,divorciado,universitaria,independiente,7,4310000,14.79,72,1,consumo
26,masculino,casado,universitaria,independiente,4,537000,13.89,54,0,vehicular
20,femenino,soltero,master,independiente,7,2178000,12.73,90,1,consumo
37,masculino,soltero,universitaria,desempleado,8,965000,14.32,90,1,hipotecario
32,masculino,casado,secundaria,empleado,4,1326000,9.1,90,1,consumo
23,femenino,soltero,master,desempleado,4,2920000,9.1,18,0,hipotecario
61,masculino,soltero,secundaria,independiente,7,2172000,7.08,18,0,consumo
20,masculino,divorciado,master,empleado,10,945000,9.19,54,0,vehicular
41,femenino,casado,secundaria,desempleado,3,2878000,7.85,54,0,hipotecario
53,femenino,casado,master,empleado,2,1195000,12.96,90,1,consumo
57,masculino,casado,PhD,empleado,10,2976000,6.73,72,1,consumo
29,masculino,casado,universitaria,independiente,9,3014000,18,72,1,hipotecario
27,femenino,casado,PhD,independiente,1,1500000,12.38,36,0,vehicular
56,masculino,divorciado,universitaria,desempleado,9,4407000,19.46,36,0,vehicular
44,femenino,soltero,master,empleado,10,1927000,12.25,18,0,hipotecario
52,femenino,soltero,universitaria,independiente,2,1535000,5.25,90,1,consumo
22,masculino,soltero,universitaria,independiente,4,1861000,11.16,18,0,hipotecario
60,femenino,soltero,secundaria,desempleado,3,3525000,18.07,54,0,vehicular
60,masculino,soltero,universitaria,desempleado,5,231000,11.21,90,1,consumo
64,femenino,divorciado,master,desempleado,4,3809000,5.19,54,0,consumo
60,femenino,casado,PhD,empleado,6,1344000,18.14,18,0,vehicular
49,masculino,casado,universitaria,desempleado,3,2466000,1.4,36,0,consumo
63,masculino,casado,universitaria,empleado,7,941000,14.76,36,0,hipotecario
58,masculino,soltero,PhD,empleado,1,1209000,5.72,18,0,vehicular
60,masculino,casado,secundaria,desempleado,2,1797000,3.65,90,1,vehicular
39,femenino,soltero,universitaria,empleado,5,4660000,3.34,18,0,consumo
38,masculino,divorciado,PhD,empleado,1,2001000,9.12,36,0,vehicular
38,masculino,divorciado,PhD,desempleado,8,1522000,19.82,36,0,consumo
42,masculino,divorciado,master,empleado,1,1368000,4.38,90,1,vehicular
31,femenino,casado,master,desempleado,2,2374000,18.41,54,0,vehicular
24,masculino,casado,universitaria,independiente,8,665000,3.15,72,1,hipotecario
29,masculino,soltero,universitaria,empleado,6,4246000,9.05,72,1,hipotecario
41,masculino,divorciado,universitaria,independiente,9,4578000,10.36,90,1,consumo
25,femenino,divorciado,universitaria,desempleado,1,1805000,19.88,18,0,vehicular
50,masculino,casado,secundaria,independiente,3,2572000,9.75,90,1,vehicular
33,masculino,casado,universitaria,empleado,3,3266000,14.93,72,1,vehicular
64,masculino,divorciado,secundaria,independiente,1,1332000,7.94,18,0,consumo
20,femenino,casado,universitaria,independiente,9,2612000,9.93,54,0,vehicular
64,masculino,soltero,secundaria,empleado,1,1556000,10.56,18,0,vehicular
63,femenino,divorciado,master,desempleado,4,3654000,18.7,54,0,consumo
44,masculino,divorciado,universitaria,independiente,7,1641000,16.63,90,1,hipotecario
64,femenino,soltero,master,desempleado,3,559000,16.26,72,1,consumo
26,masculino,casado,master,desempleado,1,2109000,6.36,90,1,consumo
33,masculino,soltero,universitaria,desempleado,4,2358000,2.62,90,1,hipotecario
56,femenino,casado,secundaria,independiente,1,3092000,15.28,72,1,hipotecario
40,femenino,divorciado,master,empleado,6,3517000,18.03,90,1,consumo
29,masculino,divorciado,PhD,independiente,5,1452000,3.88,72,1,consumo
25,masculino,casado,universitaria,desempleado,9,4490000,18.67,54,0,vehicular
41,femenino,soltero,PhD,empleado,7,2106000,4.97,90,1,hipotecario
29,femenino,casado,secundaria,empleado,9,831000,10.48,72,1,vehicular
38,masculino,casado,master,desempleado,2,1603000,14.5,72,1,vehicular
36,femenino,divorciado,universitaria,empleado,1,3149000,17.32,72,1,vehicular
63,masculino,soltero,master,desempleado,6,800000,13.96,90,1,vehicular
63,masculino,divorciado,secundaria,desempleado,9,167000,3.94,18,0,vehicular
30,femenino,casado,universitaria,independiente,2,3027000,9.85,90,1,vehicular
25,masculino,divorciado,secundaria,independiente,7,2858000,2.22,54,0,hipotecario
33,femenino,casado,master,independiente,8,1321000,13.16,54,0,hipotecario
58,femenino,casado,master,independiente,1,1874000,17.49,72,1,vehicular
60,masculino,casado,universitaria,empleado,5,3887000,17.55,90,1,consumo
36,masculino,casado,secundaria,independiente,5,1480000,4.77,72,1,vehicular
54,masculino,divorciado,PhD,independiente,7,183000,11.66,90,1,consumo
62,masculino,soltero,master,empleado,3,4290000,17.42,18,0,hipotecario
36,masculino,soltero,universitaria,desempleado,2,406000,5.15,36,0,vehicular
54,masculino,divorciado,PhD,empleado,10,221000,8.03,54,0,consumo
39,masculino,divorciado,PhD,desempleado,7,3051000,7.69,90,1,vehicular
41,masculino,casado,PhD,independiente,10,1464000,11.31,72,1,vehicular
64,femenino,divorciado,master,desempleado,2,971000,2.7,18,0,hipotecario
26,femenino,divorciado,secundaria,desempleado,1,2532000,17.18,36,0,consumo
55,femenino,casado,universitaria,independiente,8,3564000,18.25,72,1,consumo
34,femenino,soltero,master,independiente,4,135000,18.1,72,1,consumo
21,masculino,soltero,master,independiente,7,2129000,11.56,72,1,consumo
61,femenino,casado,PhD,empleado,3,3482000,18.18,90,1,consumo
34,masculino,divorciado,universitaria,desempleado,7,2283000,16.91,36,0,vehicular
25,masculino,casado,PhD,empleado,3,333000,12.74,90,1,consumo
44,masculino,divorciado,universitaria,independiente,6,1665000,5.55,36,0,vehicular
54,masculino,divorciado,PhD,independiente,2,1306000,12.92,90,1,consumo
49,masculino,casado,universitaria,independiente,2,749000,10.39,54,0,consumo
26,femenino,casado,PhD,empleado,2,1864000,14.06,72,1,vehicular
48,masculino,casado,master,empleado,10,364000,3.23,54,0,vehicular
59,masculino,casado,master,empleado,9,293000,10.84,36,0,consumo
27,masculino,casado,master,empleado,3,2345000,6.2,36,0,consumo
65,femenino,soltero,PhD,independiente,4,2198000,4.29,54,0,vehicular
57,femenino,casado,universitaria,desempleado,7,2379000,16.5,90,1,consumo
44,femenino,casado,master,independiente,8,1503000,17.9,90,1,vehicular
46,femenino,divorciado,master,independiente,6,3702000,16.03,54,0,consumo
33,femenino,soltero,universitaria,independiente,1,2859000,5.06,90,1,vehicular
55,masculino,soltero,master,desempleado,2,4806000,6.28,90,1,hipotecario
56,femenino,divorciado,PhD,independiente,4,517000,16.25,72,1,consumo
46,masculino,casado,PhD,empleado,7,2083000,11.95,54,0,consumo
56,masculino,soltero,master,empleado,1,4575000,18.44,18,0,vehicular
21,masculino,soltero,secundaria,independiente,6,3001000,8.61,90,1,vehicular
59,masculino,soltero,master,desempleado,2,3237000,18.82,18,0,consumo
23,masculino,casado,secundaria,independiente,7,1999000,4.23,36,0,hipotecario
54,masculino,divorciado,secundaria,independiente,2,503000,19,18,0,vehicular
64,femenino,soltero,universitaria,empleado,3,2779000,17.38,90,1,vehicular
48,masculino,divorciado,universitaria,desempleado,5,2800000,15.68,72,1,consumo
36,femenino,divorciado,secundaria,independiente,4,754000,2.43,72,1,consumo
20,masculino,soltero,PhD,empleado,4,4526000,10.76,54,0,vehicular
49,masculino,divorciado,secundaria,empleado,7,3895000,17.49,90,1,consumo
32,masculino,soltero,PhD,empleado,2,1336000,9.76,18,0,hipotecario
35,masculino,soltero,universitaria,independiente,9,3897000,7.69,18,0,hipotecario
42,femenino,casado,universitaria,independiente,6,546000,9.39,54,0,consumo
61,femenino,divorciado,PhD,empleado,3,2415000,11.06,72,1,hipotecario
26,masculino,divorciado,universitaria,empleado,1,4925000,6.06,18,0,hipotecario
37,masculino,divorciado,PhD,independiente,5,4254000,4.91,36,0,vehicular
38,femenino,divorciado,secundaria,empleado,10,4099000,15.04,36,0,consumo
63,masculino,casado,universitaria,independiente,1,4081000,9.13,18,0,consumo
24,masculino,divorciado,secundaria,desempleado,10,108000,10.28,36,0,vehicular
22,masculino,divorciado,master,empleado,3,888000,2.9,54,0,vehicular
42,femenino,divorciado,PhD,independiente,6,2626000,14.49,90,1,hipotecario
50,masculino,soltero,secundaria,empleado,3,3096000,10.46,36,0,hipotecario
64,femenino,soltero,universitaria,desempleado,2,2398000,17.67,90,1,vehicular
31,femenino,divorciado,master,independiente,5,2695000,4.62,90,1,hipotecario
41,masculino,soltero,PhD,desempleado,5,1024000,19.42,72,1,hipotecario
49,masculino,divorciado,master,desempleado,5,4184000,6.48,54,0,consumo
22,masculino,soltero,secundaria,empleado,7,3055000,13.54,18,0,consumo
28,femenino,soltero,universitaria,empleado,4,3724000,12.12,18,0,vehicular
22,femenino,soltero,universitaria,desempleado,7,923000,17.97,54,0,hipotecario
31,femenino,divorciado,master,desempleado,4,2197000,3.58,90,1,consumo
39,masculino,soltero,PhD,desempleado,7,906000,3.63,72,1,hipotecario
52,femenino,soltero,master,independiente,8,332000,18.34,18,0,vehicular
28,femenino,casado,master,empleado,5,549000,15.35,72,1,consumo
62,masculino,soltero,PhD,empleado,2,2897000,12.29,54,0,hipotecario
64,femenino,casado,secundaria,desempleado,1,1820000,10.81,90,1,hipotecario
28,masculino,divorciado,universitaria,independiente,1,4168000,12.85,36,0,consumo
20,masculino,divorciado,secundaria,desempleado,2,4074000,1.47,90,1,vehicular
23,masculino,soltero,PhD,independiente,9,2283000,16.61,72,1,hipotecario
27,femenino,casado,secundaria,empleado,4,1533000,10.72,90,1,consumo
50,femenino,soltero,secundaria,desempleado,5,3382000,8.33,18,0,vehicular
47,masculino,casado,master,independiente,1,4970000,6.75,90,1,vehicular
42,masculino,soltero,PhD,independiente,6,4300000,17.26,90,1,consumo
65,femenino,divorciado,secundaria,empleado,10,2946000,9.73,36,0,vehicular
39,femenino,casado,PhD,independiente,3,4932000,14.46,90,1,hipotecario
36,masculino,divorciado,master,desempleado,10,3487000,2.28,18,0,hipotecario
34,masculino,divorciado,secundaria,independiente,6,2042000,19.65,36,0,consumo
44,femenino,casado,secundaria,desempleado,2,3804000,15.5,90,1,hipotecario
31,femenino,casado,PhD,independiente,10,4768000,4.79,54,0,vehicular
63,femenino,casado,universitaria,desempleado,4,822000,12.06,18,0,consumo
28,masculino,soltero,PhD,desempleado,6,1654000,13.96,90,1,vehicular
33,femenino,divorciado,master,independiente,3,663000,9.34,72,1,consumo
25,masculino,divorciado,master,empleado,1,4634000,7.29,36,0,vehicular
44,femenino,casado,universitaria,independiente,4,4443000,18.7,90,1,vehicular
59,masculino,divorciado,secundaria,desempleado,1,371000,7.42,54,0,consumo
23,masculino,casado,master,desempleado,4,4240000,2.39,90,1,hipotecario
22,femenino,casado,PhD,desempleado,9,4116000,18.99,54,0,hipotecario
26,masculino,soltero,universitaria,desempleado,5,2011000,1.41,18,0,consumo
54,femenino,divorciado,secundaria,desempleado,7,1151000,9.16,72,1,hipotecario
27,femenino,casado,master,independiente,1,2098000,5.41,90,1,consumo
46,masculino,casado,universitaria,empleado,8,1615000,6.37,54,0,vehicular
61,masculino,soltero,universitaria,desempleado,2,744000,2.45,90,1,consumo
65,femenino,casado,PhD,desempleado,9,2555000,17.51,36,0,hipotecario
40,masculino,casado,master,independiente,8,2447000,2.49,36,0,hipotecario
39,masculino,casado,master,desempleado,1,2072000,14.27,72,1,consumo
51,masculino,soltero,master,desempleado,1,2441000,17.24,72,1,vehicular
44,femenino,soltero,secundaria,empleado,7,4567000,1.99,54,0,consumo
42,masculino,divorciado,master,independiente,4,329000,7.48,90,1,vehicular
23,masculino,divorciado,PhD,desempleado,9,3988000,9.05,90,1,hipotecario
30,femenino,soltero,universitaria,empleado,5,818000,19.98,90,1,vehicular
56,femenino,casado,master,independiente,10,204000,3.36,90,1,hipotecario
36,masculino,soltero,PhD,empleado,1,3109000,10.12,90,1,consumo
23,masculino,soltero,master,empleado,5,2277000,17.51,36,0,consumo
31,masculino,divorciado,secundaria,empleado,3,4351000,17.35,90,1,vehicular
55,masculino,casado,master,independiente,9,475000,12.41,54,0,consumo
52,femenino,casado,secundaria,empleado,6,3589000,2.36,72,1,vehicular
21,femenino,divorciado,master,independiente,6,4048000,18.91,54,0,hipotecario
30,femenino,casado,master,empleado,2,1874000,16.35,90,1,hipotecario
52,femenino,casado,PhD,desempleado,3,3297000,15.49,18,0,consumo
56,femenino,divorciado,secundaria,desempleado,8,4499000,10.89,54,0,vehicular
56,femenino,casado,master,empleado,4,3924000,6.98,18,0,hipotecario
48,femenino,soltero,secundaria,independiente,6,4161000,12.5,72,1,vehicular
56,masculino,divorciado,universitaria,independiente,3,2283000,16.12,54,0,vehicular
25,femenino,soltero,universitaria,desempleado,4,1609000,17.65,18,0,consumo
46,femenino,divorciado,PhD,desempleado,7,301000,14.11,18,0,consumo
53,femenino,soltero,master,empleado,4,2561000,3.26,54,0,hipotecario
59,masculino,divorciado,secundaria,empleado,8,3530000,12.99,72,1,vehicular
64,masculino,divorciado,universitaria,desempleado,2,1377000,18.02,90,1,hipotecario
63,femenino,soltero,master,independiente,10,2443000,18.95,18,0,consumo
51,femenino,casado,PhD,independiente,3,1301000,1.8,36,0,vehicular
37,femenino,casado,master,independiente,5,4182000,9.34,36,0,vehicular
